시도별,성별,1999. 06 월,1999. 07 월,1999. 08 월,1999. 09 월,1999. 10 월,1999. 11 월,1999. 12 월,2000. 01 월,2000. 02 월,2000. 03 월,2000. 04 월,2000. 05 월,2000. 06 월,2000. 07 월,2000. 08 월,2000. 09 월,2000. 10 월,2000. 11 월,2000. 12 월,2001. 01 월,2001. 02 월,2001. 03 월,2001. 04 월,2001. 05 월,2001. 06 월,2001. 07 월,2001. 08 월,2001. 09 월,2001. 10 월,2001. 11 월,2001. 12 월,2002. 01 월,2002. 02 월,2002. 03 월,2002. 04 월,2002. 05 월,2002. 06 월,2002. 07 월,2002. 08 월,2002. 09 월,2002. 10 월,2002. 11 월,2002. 12 월,2003. 01 월,2003. 02 월,2003. 03 월,2003. 04 월,2003. 05 월,2003. 06 월,2003. 07 월,2003. 08 월,2003. 09 월,2003. 10 월,2003. 11 월,2003. 12 월,2004. 01 월,2004. 02 월,2004. 03 월,2004. 04 월,2004. 05 월,2004. 06 월,2004. 07 월,2004. 08 월,2004. 09 월,2004. 10 월,2004. 11 월,2004. 12 월,2005. 01 월,2005. 02 월,2005. 03 월,2005. 04 월,2005. 05 월,2005. 06 월,2005. 07 월,2005. 08 월,2005. 09 월,2005. 10 월,2005. 11 월,2005. 12 월,2006. 01 월,2006. 02 월,2006. 03 월,2006. 04 월,2006. 05 월,2006. 06 월,2006. 07 월,2006. 08 월,2006. 09 월,2006. 10 월,2006. 11 월,2006. 12 월,2007. 01 월,2007. 02 월,2007. 03 월,2007. 04 월,2007. 05 월,2007. 06 월,2007. 07 월,2007. 08 월,2007. 09 월,2007. 10 월,2007. 11 월,2007. 12 월,2008. 01 월,2008. 02 월,2008. 03 월,2008. 04 월,2008. 05 월,2008. 06 월,2008. 07 월,2008. 08 월,2008. 09 월,2008. 10 월,2008. 11 월,2008. 12 월,2009. 01 월,2009. 02 월,2009. 03 월,2009. 04 월,2009. 05 월,2009. 06 월,2009. 07 월,2009. 08 월,2009. 09 월,2009. 10 월,2009. 11 월,2009. 12 월,2010. 01 월,2010. 02 월,2010. 03 월,2010. 04 월,2010. 05 월,2010. 06 월,2010. 07 월,2010. 08 월,2010. 09 월,2010. 10 월,2010. 11 월,2010. 12 월,2011. 01 월,2011. 02 월,2011. 03 월,2011. 04 월,2011. 05 월,2011. 06 월,2011. 07 월,2011. 08 월,2011. 09 월,2011. 10 월,2011. 11 월,2011. 12 월,2012. 01 월,2012. 02 월,2012. 03 월,2012. 04 월,2012. 05 월,2012. 06 월,2012. 07 월,2012. 08 월,2012. 09 월,2012. 10 월,2012. 11 월,2012. 12 월,2013. 01 월,2013. 02 월,2013. 03 월,2013. 04 월,2013. 05 월,2013. 06 월,2013. 07 월,2013. 08 월,2013. 09 월,2013. 10 월,2013. 11 월,2013. 12 월,2014. 01 월,2014. 02 월,2014. 03 월,2014. 04 월,2014. 05 월,2014. 06 월,2014. 07 월,2014. 08 월,2014. 09 월,2014. 10 월,2014. 11 월,2014. 12 월,2015. 01 월,2015. 02 월,2015. 03 월,2015. 04 월,2015. 05 월,2015. 06 월,2015. 07 월,2015. 08 월,2015. 09 월,2015. 10 월,2015. 11 월,2015. 12 월,2016. 01 월,2016. 02 월,2016. 03 월,2016. 04 월,2016. 05 월,2016. 06 월,2016. 07 월,2016. 08 월,2016. 09 월,2016. 10 월,2016. 11 월,2016. 12 월,2017. 01 월,2017. 02 월,2017. 03 월,2017. 04 월,2017. 05 월,2017. 06 월,2017. 07 월,2017. 08 월,2017. 09 월,2017. 10 월,2017. 11 월,2017. 12 월,2018. 01 월,2018. 02 월,2018. 03 월,2018. 04 월,2018. 05 월,2018. 06 월,2018. 07 월,2018. 08 월,2018. 09 월,2018. 10 월,2018. 11 월,2018. 12 월,2019. 01 월,2019. 02 월,2019. 03 월
계(남),남자,13051000,13072000,13016000,13061000,13108000,13083000,12984000,12806100,12768900,12909000,13025000,13086700,13074500,13201100,13113800,13146200,13204300,13167300,13062300,12801500,12830500,12988500,13222100,13295100,13314700,13374100,13278300,13304300,13351400,13361100,13253300,13181900,13200300,13308900,13516900,13537300,13563700,13653200,13522500,13549500,13599700,13589500,13514800,13377700,13383400,13476400,13575400,13653800,13661500,13738700,13581000,13616600,13724500,13740700,13680300,13590500,13600800,13756600,13823200,13852200,13892600,13909500,13736500,13839000,13944500,13933200,13852800,13684600,13670100,13838200,13947000,13987400,14017400,14011400,13842400,13850600,13932900,13939100,13790300,13680000,13714200,13940000,14055500,14123900,14139200,14170400,14064800,14070300,14139700,14156300,14000700,13926000,13918400,14136600,14275300,14350300,14376300,14390100,14286700,14272300,14345500,14350600,14175500,14052100,14037900,14253800,14411700,14491200,14491900,14526200,14430100,14357300,14410900,14438300,14227500,14089500,14093400,14297700,14464700,14565600,14686500,14599800,14496800,14498900,14488500,14535900,14333300,14322400,14304200,14434700,14654900,14753100,14753600,14838300,14662300,14654200,14749800,14711400,14620100,14392800,14589000,14835100,14918100,14986000,15043200,15019400,14950100,14847300,14997700,15002100,14851100,14675100,14808000,14959500,15140100,15245300,15243400,15254800,15154200,15178200,15202700,15135300,14929300,14834400,14843500,15037400,15251800,15356500,15393000,15419700,15330500,15363500,15417900,15429200,15264800,15259100,15387400,15450900,15693500,15669800,15697500,15771300,15720500,15701000,15716400,15708900,15509800,15421800,15534900,15610900,15787300,15869000,15866800,15920600,15787500,15780200,15777700,15751000,15626500,15480100,15595200,15746400,15816200,15911900,15962400,16010500,15981700,15949700,15941400,15904200,15727200,15583400,15785800,15919400,16068300,16104000,16132800,16125900,16029300,16040200,16014700,16013400,15885900,15760500,15785000,16004700,16073100,16145800,16087600,16085400,16044700,16048100,16036800,16055600,15898200,15793200,15893100,16072900
계(여),여자,9037000,8989000,8880000,9093000,9169000,9101000,8829000,8635700,8689200,8900700,9079200,9250000,9271200,9307600,9173500,9321600,9368800,9267100,8981900,8809000,8821300,9098000,9400300,9514200,9479700,9467300,9328200,9494400,9552100,9530300,9266000,9124300,9177100,9378600,9630400,9710700,9697300,9650500,9502600,9644800,9675500,9537400,9320400,9098700,9049400,9282800,9455000,9587200,9604800,9631900,9443400,9544700,9623200,9603000,9380200,9350500,9458500,9660000,9842900,9859800,9881000,9858900,9637300,9896100,9896000,9805200,9644900,9456800,9457200,9711300,9876300,10008000,10010700,9979700,9777000,10012700,10081700,10010500,9726500,9666600,9659400,9843400,10042500,10161800,10204000,10139300,9962300,10098100,10198200,10166700,9887700,9783300,9741300,9945700,10178400,10298100,10325600,10277200,10060200,10214800,10297300,10292800,9997700,9868800,9855600,10055100,10287000,10413700,10452200,10360500,10163200,10307100,10376300,10333200,10005700,9817800,9769100,9958000,10184200,10281200,10427700,10338600,10207000,10312200,10353500,10271000,9911100,9935900,9912800,10132400,10397600,10539600,10598700,10596900,10388200,10479700,10486200,10380100,10170100,9969500,10104500,10357800,10606400,10788500,10857300,10760800,10606000,10525000,10711900,10618400,10330100,10208800,10320600,10559100,10818900,10997300,10997800,10926100,10736400,10835700,10834200,10760700,10448700,10303400,10362400,10583100,10897000,11052400,11106200,11089000,10965800,11058600,11104400,11067900,10758600,10682200,10904500,11037300,11324600,11396500,11433200,11422600,11355900,11363300,11391300,11372800,11058000,10958200,11136000,11229300,11416500,11583900,11621000,11615000,11506000,11574500,11580700,11547200,11338700,11150700,11329400,11386600,11582100,11704600,11758100,11726900,11708100,11729700,11724400,11708800,11483800,11302600,11535100,11660000,11843000,11882600,11947700,11910800,11874000,11902500,11905100,11875600,11630500,11471800,11563200,11806700,11955600,12038600,12072900,12037100,11994600,12031300,12025800,12036800,11683900,11662100,11755600,11928700
서울특별시(남),남자,2867000,2875000,2876000,2864000,2893000,2914000,2922000,2921000,2897500,2878500,2889700,2902200,2894000,2933800,2908200,2911100,2919100,2922800,2924200,2878500,2883900,2881600,2923000,2941300,2948900,2954000,2928300,2907700,2937700,2936100,2926300,2943400,2925000,2944500,2968600,2958100,2973200,2984500,2979400,2952000,2958600,2959700,2963300,2962600,2951700,2945100,2934100,2953400,2941700,2967100,2926900,2933700,2940800,2971300,2975400,2970300,2972300,2969700,2973500,2972100,2977700,2969400,2941700,2987800,3000900,2998700,3002700,3001700,2999400,3014100,3003600,3000700,2993700,2981200,2964400,2972000,2988100,3015700,3009200,2992400,2991100,3031600,3022600,3020400,3010100,3026600,2997500,3006800,3024200,3024000,3010700,3016300,3010000,3023200,3049100,3059500,3059800,3081700,3063900,3053700,3046500,3053300,3020500,3017400,3004200,3032000,3039000,3062000,3050800,3067600,3052600,3025900,3017300,3021300,2988000,2997800,2970600,3007300,3010600,3030400,3044200,3031400,2975500,2968700,2973000,3017300,3009400,3006700,3002700,3009900,3036400,3025500,3030000,3053800,3037700,3025900,3045100,3033700,3039800,3007000,3041400,3079300,3088700,3087100,3096500,3096400,3084100,3060800,3080800,3066300,3051800,3016900,3045200,3042800,3045300,3056700,3049900,3056400,3041300,3029000,3031100,3014700,2993000,2997000,2981300,3000800,3000400,3020400,3018600,3012400,3011500,3026800,3032600,3047200,3046900,3031000,3080600,3071400,3082400,3056700,3049500,3063200,3050300,3054000,3055900,3044400,3046600,3020300,3018600,3028500,3029000,3061300,3029200,3041200,3031400,3014600,2998100,3015700,3014900,2999000,2998900,2961500,2972600,3003100,3004200,3021100,3005000,3002700,3001600,3004500,2998200,2979700,3001800,2990800,3006000,3000000,2995100,3010700,2993500,2984000,2969000,2963800,2961600,2956000,2945700,2976300,2951500,2966000,2956100,2929300,2913800,2892800,2874100,2887800,2888400,2888900,2882300,2901300
서울특별시(여),여자,1990000,1996000,1945000,1984000,1987000,2000000,2001000,1994000,1986800,1973700,1968100,2026800,2009300,2035300,1991500,2040300,2017900,2027200,2043300,2038900,2016900,2036600,2063900,2062400,2031400,2042800,2024100,2073300,2077200,2100600,2065100,2073000,2056700,2079500,2078300,2074400,2083600,2078700,2028000,2043000,2053600,2063400,2068600,2063100,2070000,2070100,2067700,2101500,2113300,2110100,2062600,2102900,2104900,2128200,2122800,2150000,2179400,2178500,2189800,2169700,2171900,2174700,2138500,2210900,2193900,2204900,2206800,2169000,2175200,2210100,2207500,2227000,2241500,2228000,2189000,2212200,2242300,2238600,2243200,2245600,2234300,2217000,2234800,2231100,2256400,2228000,2214600,2230100,2266900,2287600,2258700,2255100,2208700,2215300,2251200,2270800,2256600,2260900,2233500,2270600,2289700,2285400,2255700,2256900,2238200,2270700,2269200,2262600,2273800,2266200,2252100,2245500,2241400,2234300,2222300,2215800,2177000,2223200,2235400,2222000,2237700,2231800,2186200,2198100,2208500,2226100,2221600,2223400,2235500,2236300,2285600,2316600,2303900,2316900,2269900,2282700,2290500,2285100,2307100,2282300,2311400,2319200,2330700,2365100,2373900,2360200,2319200,2298200,2309000,2320300,2307500,2305200,2334200,2343900,2381800,2400600,2397700,2373300,2315200,2331200,2284600,2279600,2282500,2280500,2299700,2313500,2342500,2359400,2363800,2357700,2321400,2338700,2359900,2359700,2371000,2344900,2386200,2374800,2393900,2402000,2393400,2408400,2384400,2397100,2407400,2412400,2396400,2377900,2376700,2355500,2364200,2373000,2376100,2375800,2371900,2359100,2349700,2351300,2357000,2350000,2385300,2346400,2355100,2397100,2392600,2369300,2364800,2380200,2400300,2380100,2368900,2346100,2399500,2386500,2398600,2403600,2438000,2432900,2440300,2435300,2416200,2410500,2387900,2385300,2398100,2404400,2411800,2415400,2425600,2425900,2416400,2418500,2402900,2403000,2370200,2355400,2353800,2373200
부산광역시(남),남자,1023000,1023000,1019000,1018000,1023000,1023000,1032000,1035000,1030100,1030700,1019100,1021700,1020800,1032000,1027200,1018000,1028700,1033600,1037400,1030100,1022900,1013800,1015200,1015700,1017300,1012700,1006400,996600,1004500,1020300,1031500,1039500,1034400,1016100,1020700,1022400,1019600,1042700,1028600,1026900,1018600,1020500,1024800,1012000,1003300,996700,993600,997000,987700,987500,973600,978500,987300,995500,1003800,995800,984200,988000,994300,997500,1002700,1011500,990200,996100,996600,994500,992200,990300,983900,982000,985200,991200,995300,996300,981300,982100,986100,978900,983300,979400,980500,990300,990000,999100,1001400,1005100,1004300,984200,995200,991400,976200,974300,973100,993200,987900,999100,997200,990800,981200,981900,983200,974000,961600,963200,967100,975800,973000,974400,984600,966400,963600,958500,950700,953400,962600,956200,947200,950100,960400,970400,978900,969500,959900,959700,960700,964900,965300,965900,958100,957900,958100,968000,957900,971000,952800,951200,950100,945200,951700,950400,957500,969200,966000,967800,987700,1000700,977500,963500,978400,983200,991100,985000,990000,988700,989100,990200,994300,994600,993700,989800,995500,1002800,1008100,1011700,1012600,1007600,1010600,1007500,1005700,1004200,1000400,990600,988600,997300,993800,1006700,1004000,1002500,1025100,1026500,1028700,1035800,1036900,1026700,1019700,1012900,1011600,1009100,1021100,1012700,1017000,1016800,1019900,1018100,998300,986800,984600,985200,980100,991700,1001700,993900,993000,1002800,1003800,1004600,1003200,996400,1004000,998900,991600,988500,997800,1001600,1004900,1007800,1018300,1014600,1017300,1008200,1003600,1001900,998300,992300,990800,997400,984100,987100,985100,975400,962700,960100,979600,971200,962600,951800,968400,977300
부산광역시(여),여자,715000,723000,714000,733000,731000,733000,734000,726400,738700,746000,730300,735100,728500,733600,722000,728000,729900,717100,720900,725600,721900,718300,728500,735400,737500,739200,717800,726800,737000,742500,743300,753800,763400,756300,770200,773400,763000,759200,750800,752300,749900,727000,723200,720300,702400,709100,707500,705400,695400,685900,679800,678500,687200,682500,688400,684800,702900,708000,715700,709800,712200,713500,703500,712500,710700,700100,712300,710000,717300,707800,699000,718700,717500,728500,705300,734200,734300,738500,715300,715100,721800,718300,713000,724600,725700,728600,706900,737800,727700,726300,725100,718500,720500,714400,736300,734700,745300,742600,715000,734100,716800,741100,733100,714600,706800,727400,731700,736500,731300,729800,707700,713200,706100,718800,722400,716900,708400,709100,704200,702100,712500,704400,681300,688500,698600,703100,709000,708800,699700,704300,707300,716400,715000,708700,692300,690100,692000,699100,691700,679700,681400,685800,695800,699400,705000,705500,711100,691800,727100,721100,719400,718900,722500,733200,734600,746000,752900,747700,730300,733900,730900,721200,726600,729700,725200,725600,742300,741100,748200,744300,726800,741300,735300,735800,711400,706300,708800,717700,738400,745100,754900,760400,753500,743500,750100,760000,743700,733300,756300,742300,750900,756800,744900,748000,735300,746400,765900,774300,764500,757900,773100,757100,771000,755400,750900,750200,754400,753100,739800,752800,751900,751000,772100,762900,772400,777800,774600,761100,756300,748700,744800,752700,748400,733500,738300,750700,744900,750900,760200,751800,747900,748700,756200,763100,747300,751000,756300,772400
대구광역시(남),남자,661000,664000,668000,675000,669000,666000,664000,661200,657400,660300,657100,671000,663500,671600,667800,670500,674400,672000,676700,661300,656000,668000,672200,679900,679000,680400,675300,683600,681900,693700,693900,696300,688100,686800,697500,699500,694100,695300,680100,693900,700100,695900,697500,687800,683200,688900,691800,688900,693300,692300,686500,681700,698600,701500,705600,697400,700100,698200,698400,704900,708000,709800,697500,699100,698600,702300,700600,697200,688100,690100,690600,694300,686900,696500,686700,678900,679900,676900,676700,668800,669000,681800,682900,683200,679400,679700,674400,682200,682800,682600,680000,678200,671100,671400,684800,682400,681300,688800,678300,678900,681900,682500,673100,679300,682000,682400,681800,682200,688500,690600,680800,676200,681800,693400,683400,679800,677400,685500,692100,699200,700200,700400,699800,697600,699500,694700,689400,698600,688300,690900,692500,696000,695900,698600,680600,686500,685700,690700,689200,689900,690300,692300,698500,700000,698400,705600,694400,689700,701000,702700,705600,704100,705200,709000,709900,714800,716600,720100,713100,708100,704900,701000,701100,703900,700900,700600,706800,702300,711500,713700,701500,705200,712000,716300,719900,724900,723700,726300,731900,723600,729600,732000,730000,728600,725300,728500,732000,735200,730000,727600,734000,737600,749900,743300,736400,743900,746600,747500,751500,740400,745200,748700,742800,750900,749200,747900,739500,731800,732300,729200,730600,730300,732500,732000,731600,725500,723300,717100,710600,709200,710500,720500,714000,697300,703500,705300,716700,729900,722600,720100,713700,718600,720200,712800,708800,705300,711500,722600
대구광역시(여),여자,469000,461000,457000,478000,492000,487000,476000,467700,469800,468700,469000,479400,485800,484600,478900,488300,496100,494800,489600,478500,487500,491400,492800,494500,503700,506000,489500,500200,508600,514100,510000,499300,512700,503600,507600,511200,506000,511100,514700,517800,519600,510000,502100,490300,487300,494300,496400,511100,513600,510800,506900,509900,511100,511700,509100,504700,514300,516800,523000,514600,517100,532300,507500,523200,526000,524100,518100,519000,513200,519000,526400,527300,521100,531000,514500,522400,526300,525200,528000,519900,511400,509400,518400,520000,515800,514200,503400,510600,516600,515100,511800,514500,503100,510300,511300,514500,516700,518600,491500,499700,498700,507100,497100,493000,494800,485500,500900,501300,495400,499700,486200,489300,496800,494800,496400,489700,478000,475800,481600,486700,507700,508400,518600,517500,531400,510200,500800,507900,499900,520200,524800,527500,535300,530300,517500,520600,519000,529000,522400,510500,512300,511600,516700,512500,519400,516600,506200,515200,529100,533800,527300,533400,534900,528000,542700,545800,546200,550000,540600,538300,537700,543600,545000,545200,534100,538900,536300,538400,540000,539700,532300,528800,537000,541700,543100,541200,546800,542900,541800,545000,549300,550600,558400,551500,547100,548300,545000,541300,552600,554600,551000,568200,568800,561400,548600,547900,539800,535800,540000,535800,542000,545500,555300,563900,565100,566400,574500,575000,567900,572200,557900,553800,561200,575000,574800,571700,584600,581100,565900,571200,563200,569200,560000,550700,549700,565100,578300,575800,576200,580200,574400,574300,573700,562500,553700,541500,540600,546400
인천광역시(남),남자,710000,712000,708000,713000,712000,711000,710000,701400,694700,709300,718500,720000,719900,721700,719700,719700,722700,718900,719000,702800,706500,716300,727400,733500,725700,735400,738200,740900,738700,742900,734200,731800,734900,739600,749700,746500,743600,748800,737200,739100,749800,749600,753000,741800,739700,752600,754800,754700,754400,761800,747900,749300,750600,746800,745400,741700,739600,749100,753500,750900,749100,753900,741100,743100,752800,759600,755500,750100,738800,751300,759500,767100,771800,772400,767100,765500,768100,776900,762900,759300,761400,765500,782200,782700,784200,786900,780400,777900,784400,783800,774600,764100,767300,785400,788600,798600,806900,812700,799800,803800,808400,801500,803600,798000,800400,810900,812700,812600,802500,807900,796800,792900,802300,808000,797700,782800,789900,796600,811000,818500,829000,832600,822200,812200,818100,823900,814100,815200,818900,822100,833100,839900,834100,853600,827900,845500,854000,853500,850500,835000,839600,860600,860100,865500,865400,872400,863100,857500,866400,867900,871200,856300,855300,875800,884900,881900,884400,893000,878400,873700,878900,881300,875400,869700,866100,874000,880600,887500,892200,890400,887400,887700,894700,884500,883600,892300,890800,896700,905500,907000,902400,904200,893400,895400,887600,894800,878700,884700,895000,901500,921400,924100,919200,918400,917500,921300,918500,917400,908000,913700,925000,929100,926100,935400,943300,948200,932300,935300,937800,932900,918700,914900,933900,935700,942000,950700,953900,951400,934100,936000,933400,927800,929600,930700,932000,945400,941600,959200,954300,944300,939000,940900,940200,940500,944200,928800,934600,944000
인천광역시(여),여자,444000,437000,435000,447000,445000,446000,436000,434700,436400,447700,448900,449500,450500,449800,442400,448500,451900,462000,456200,451200,453100,460600,467600,474400,474900,464100,454600,468100,473400,484900,472300,477800,480200,475300,489500,495400,489000,483300,479500,479400,482200,481400,478800,464500,461900,472200,474400,477400,477700,486200,466200,477600,475800,484200,481300,473400,480300,494700,500000,493100,490700,488700,481200,489800,486800,490600,494700,481800,474000,477700,482800,489000,491000,482900,481200,486400,489600,486300,486500,478400,492900,498200,503100,505500,514600,507900,496900,503600,509100,510700,504000,500400,505800,511400,519300,515900,522300,530300,520900,532600,540300,542400,535900,519800,516000,518300,530400,532000,537100,540700,527900,534400,547000,541400,518700,517700,517700,530800,547100,552300,572800,570000,551600,561500,556700,565800,546800,552000,548800,554400,565900,567500,571500,583200,569800,560400,565900,569700,569300,554800,553400,563200,584200,595500,606700,601100,598100,589300,606100,606500,601900,593800,598200,610800,623500,632200,634600,627700,619000,622100,629700,626900,617000,603000,606600,620800,634400,629500,632200,633400,636800,638500,638700,629500,626500,632000,635700,638300,650800,661500,662500,665000,656400,656100,647800,644600,630900,638200,638000,644100,646600,661500,665100,663600,648000,661900,661700,669700,654000,653000,660100,659800,678900,682200,674100,681300,673300,663300,659700,659900,655300,660200,670800,665500,665500,674700,666000,660900,659800,674200,688400,682600,674500,678200,696900,705700,700600,703600,706800,711600,701100,699100,703100,711100,704700,691500,709200,706700
광주광역시(남),남자,340000,342000,339000,340000,342000,342000,346000,339900,341300,343600,345200,343900,346400,348000,346000,345500,346700,349200,347500,342900,344400,346100,348600,351400,351200,355300,349700,351300,354300,353800,354600,358400,357500,352400,352800,354900,356400,359400,357200,358200,358300,357200,363700,369800,364500,365400,364600,362700,365000,364600,362700,362700,359400,362700,367800,366900,364700,365200,364600,362400,364800,369500,363400,364900,369000,368600,372000,368000,366600,370300,372200,373100,373000,372700,366300,369400,371200,371900,367700,364200,367800,367200,368400,367900,370700,373800,369300,371400,374000,371500,369500,373700,376600,382700,379900,383900,387500,384200,383400,382000,385200,388000,385300,389700,386900,391800,393400,390900,393500,394300,386000,381500,385600,389100,391300,388100,391400,398500,393700,401400,408800,399100,404900,400100,403500,396300,390800,391200,392700,400600,402200,406900,402200,401000,401500,396600,393600,393100,398100,394400,395700,397700,403200,411200,413000,407800,406400,407300,404500,403500,403400,405700,409900,407400,409800,412700,410200,414900,415600,413800,410500,414600,413500,417300,417200,415400,417400,418900,413200,413900,411500,411900,415500,416300,419000,422800,426000,424500,428300,434200,434400,432800,439900,435400,431700,431000,433400,436600,435800,431100,433900,439100,439500,442500,436600,433200,430500,430700,430800,424500,429400,427200,431300,435600,439700,438500,440600,436700,438100,431600,429300,427400,428500,430600,433400,435800,440600,439700,432200,426800,428900,426700,428900,427400,438400,441800,442900,438900,431300,434400,438900,441300,436400,432300,433400,437700,437600,438700
광주광역시(여),여자,235000,241000,236000,241000,241000,242000,242000,235900,238600,242800,247800,250400,251700,255100,245900,247100,250300,249000,248300,242700,244100,251500,256300,264900,268300,264900,259200,264400,267900,264300,268400,269500,270300,269700,276200,277500,277600,277300,275100,272000,275200,273900,276200,260000,254300,255500,259400,263900,263300,264300,258300,260700,259100,263600,265300,265100,267900,266000,269800,275600,274000,277500,264900,273300,273900,271400,273800,272200,276200,278900,280600,277300,278300,283000,280600,282700,283000,283800,276500,273200,271000,278900,283800,282500,282800,284300,278900,282600,282300,283000,283300,285000,286300,289200,289700,290300,288300,289500,279900,286300,287400,289400,283800,283500,280700,284300,282500,293900,291300,291600,278100,285900,290300,292500,283600,277200,277500,271600,285500,290000,301600,292500,292400,300100,297900,298600,297500,302000,301600,310100,311900,316400,319500,313300,303100,307600,298000,297400,300700,291900,289100,297800,305000,312700,316400,312200,305800,306800,309900,307200,300900,291000,293900,305200,304100,303900,304100,298500,294300,296600,296800,295200,292500,295000,294600,295800,309600,311400,313600,317600,311400,317900,321200,323600,320500,315600,319900,324900,328500,328900,330400,329700,322900,319400,316400,314800,306200,307600,310200,310900,315600,318000,320200,323800,326500,330800,326500,323500,328200,321600,323300,311700,316800,322500,323700,321600,318300,319000,317200,316100,323300,319600,327400,327200,335600,336800,337000,339100,336800,335100,338500,339100,337600,333200,338700,343400,348300,344900,340100,343500,341400,345000,341500,345500,340000,333100,339300,341000
대전광역시(남),남자,358000,357000,352000,350000,351000,354000,356000,350500,348700,350400,355200,358700,359800,365200,361200,365900,367300,366600,365900,358600,363400,363800,367000,368200,376700,383500,381900,380100,381300,380000,380400,380900,380400,382300,386200,385100,387500,387300,383000,383000,384300,389700,389300,388900,392200,391700,389000,390400,396800,399100,394000,393100,394100,399100,398400,397700,399300,398500,401600,401900,402900,403900,397500,398400,400200,397700,394300,391100,388500,389500,393200,391500,393600,400300,388800,392700,395600,400400,396400,396400,393900,394600,399300,406000,406200,402700,404800,403200,406700,406400,403900,398100,394500,402800,409700,419000,413500,414900,416900,415000,421900,418800,416200,414100,409800,412500,419000,423900,426200,422400,418800,421700,426200,424700,422000,409900,417400,415400,420400,425200,430300,432900,428100,425000,421400,421200,419500,421900,423100,419500,423700,428900,427500,429300,426000,421600,430800,429500,427200,419700,427500,434000,437300,438400,433500,434000,430200,421000,428200,429500,430700,429300,431300,435100,434600,441300,443000,448900,442500,438900,444500,445300,440600,433700,436200,438100,442200,450600,448800,451000,443800,448700,450600,452000,451200,450900,448200,451500,458300,457100,464200,474100,470700,465900,470600,468000,456400,457500,462700,462300,463400,462000,462400,459400,457200,458100,461100,459900,454500,443000,453600,454600,453400,451400,455000,460600,463000,459700,458200,458600,452200,450800,451100,451800,456600,459800,462100,462100,452800,450400,453300,453700,444400,442800,446000,453800,451900,455000,451800,452600,449100,448800,449100,451700,451200,452200,458500,458200
대전광역시(여),여자,227000,229000,229000,235000,241000,243000,243000,237900,247700,252500,251100,252700,254800,246800,244500,241800,251300,251500,249600,246100,253700,257000,264200,263500,263200,261300,262700,266100,270000,270000,270300,274700,275600,280900,285300,286000,284900,285900,280400,281400,282500,278000,275300,265900,264000,265000,269700,272800,274900,274200,272500,268200,268000,269400,271500,272400,269900,268600,274900,274000,271500,273700,270900,272800,271200,271900,272300,268800,267200,271000,273800,275800,280900,278800,272200,275900,273600,275800,272500,271600,270500,276900,277200,285200,281700,285500,276500,286500,289800,289600,282800,281100,274200,281100,285900,290400,291900,294400,287300,287200,292900,295400,285800,289900,290400,291200,291500,291500,290200,288700,286000,293600,292800,297700,289500,287500,289900,290300,295500,301000,299400,301000,292700,290900,286400,286200,285200,285600,283500,286700,294400,294500,299500,305600,301500,295700,297500,298700,294400,295000,296400,305700,304200,310300,313300,318000,307400,306200,307200,301800,298200,302100,304100,310100,310200,315100,317000,313400,311500,316400,319800,314200,306900,308000,303300,307900,312900,321100,313800,305900,308500,310300,312200,316500,313100,313700,321400,322600,328000,327800,332100,333500,333300,332300,328700,324400,326000,324800,336000,333700,336200,339700,335600,337500,334500,339500,337900,341900,341200,339400,343700,340400,347500,350100,345600,344300,343200,341700,344600,347800,345500,337500,340500,346000,337500,336600,333100,328100,326000,328000,336200,345300,345000,340700,346700,348400,345000,339800,339100,339000,337900,343400,344900,342600,334300,339800,340600,339200
울산광역시(남),남자,290000,292000,289000,291000,293000,290000,295000,293100,294800,295700,299000,301700,297300,298900,298600,302000,303300,304700,304600,301300,301700,305100,301700,302500,299400,301500,299600,301100,300700,303000,302600,301800,305500,301400,306000,307700,307500,311900,308700,311400,313400,315600,315300,316100,316100,315600,316100,320200,320100,322000,317700,321200,323100,324000,319800,319700,319100,317500,321400,322000,322000,321200,319400,322500,325700,325900,325000,321600,324900,325600,324500,322800,322800,321500,317800,319000,322000,322500,321700,318700,318100,320800,325600,326000,327200,327200,322400,323500,322800,320500,323900,329500,329900,329300,331500,335400,333900,334700,334600,332900,333400,335700,335200,333600,333200,333900,338200,337100,339300,339300,337500,336200,340600,340400,339000,337900,340700,340500,338600,342300,341700,339100,336400,337500,340300,340700,338900,338800,336600,337900,341800,340700,342300,346200,344800,343300,347100,346100,349000,344700,347200,346500,351300,355000,351600,349200,349600,350600,351200,353100,353700,353500,356700,357500,360300,363800,364500,370600,367900,369000,365600,366200,364200,364200,364400,364600,370500,370900,372600,374000,371900,376100,376200,376300,376600,378800,380600,376400,382600,377000,380600,379100,380400,374400,377000,380700,376800,374800,375400,379100,385300,387900,389600,388300,384800,383500,381600,381600,383100,381100,380300,377600,378800,381000,383100,382800,383100,384900,385100,385200,385200,375000,379600,378700,379800,382500,385300,382300,376900,374300,376800,376300,374500,371800,373600,375000,376700,375800,374200,368100,370300,368600,369900,368400,368000,361600,362000,362200
울산광역시(여),여자,156000,153000,153000,157000,154000,160000,150000,144800,145400,150400,158100,158800,158400,158800,157300,162500,164600,163500,161200,156200,156400,154500,158800,162600,164400,165300,158400,163900,168000,170500,167500,164200,166300,171000,173200,171600,178500,179100,172600,177200,181900,180100,174200,155300,158500,163100,168900,172400,170600,172500,164200,172700,172700,171600,168500,168500,171000,179000,178700,181200,179400,180400,177900,180000,178700,179400,177500,174900,172800,175300,178800,181200,178800,179700,175400,176200,176900,177400,172400,166300,167300,172200,175300,172300,171400,172200,170100,174500,177400,178300,177700,176100,174900,178000,183200,182500,183800,183400,181100,181400,189100,188900,184800,185700,186700,196300,201500,199700,204500,202700,197300,206000,206600,204400,200200,198800,196100,193400,197700,194300,199400,193900,196300,196600,196500,193300,194900,192000,190500,197000,200200,201600,201600,202800,197800,201400,201000,203800,203400,200200,205900,201500,209600,204500,207000,210600,202600,201100,203100,203100,200700,197200,204900,206200,208000,207400,202600,201500,195000,198400,202500,198000,190200,190300,192000,191200,198500,199000,198300,198700,195500,193900,192000,189200,191100,192800,198300,194900,199900,193400,193300,194100,189300,188600,190100,193200,190300,193100,199800,199000,203700,206700,208400,212800,211700,213100,210500,211200,210100,207900,207500,212100,216600,214000,215000,216500,217500,222700,222000,222200,219300,217300,221000,227600,224800,227000,226800,228000,227100,226700,228700,228400,231300,229500,228600,227700,230200,233400,230700,229400,231800,229300,234300,228400,225600,223300,228500,230300
세종특별자치시(남),남자,,,,,,,,,,,,,,,,,,,,,,,,,,,,,,,,,,,,,,,,,,,,,,,,,,,,,,,,,,,,,,,,,,,,,,,,,,,,,,,,,,,,,,,,,,,,,,,,,,,,,,,,,,,,,,,,,,,,,,,,,,,,,,,,,,,,,,,,,,,,,,,,,,,,,,,,,,,,,,,,,,,,,,,,,,,,,,,,,,,,,,,,,,,,,,,,,,,,,,,,,,,,,,,,,,,,73500,75700,76500,78100,78400,78800,80000,79600,80300,81900,82500,82500,82700,83200,85300,87000,90300,91900,92700,92900,93600,93000,93600,93200,95100,96200,97300
세종특별자치시(여),여자,,,,,,,,,,,,,,,,,,,,,,,,,,,,,,,,,,,,,,,,,,,,,,,,,,,,,,,,,,,,,,,,,,,,,,,,,,,,,,,,,,,,,,,,,,,,,,,,,,,,,,,,,,,,,,,,,,,,,,,,,,,,,,,,,,,,,,,,,,,,,,,,,,,,,,,,,,,,,,,,,,,,,,,,,,,,,,,,,,,,,,,,,,,,,,,,,,,,,,,,,,,,,,,,,,,,46800,49700,50100,51600,53400,55000,55300,55200,55800,55100,56200,55300,54400,56200,58300,59600,61900,61700,62900,63500,64200,65900,66800,67600,66100,67400,68800
